epoch,train_loss,train_Valence_CCC,train_Valence_Pearson,train_Valence_R2,train_Valence_RMSE,train_Arousal_CCC,train_Arousal_Pearson,train_Arousal_R2,train_Arousal_RMSE,train_CCC_mean,valid_Valence_CCC,valid_Valence_Pearson,valid_Valence_R2,valid_Valence_RMSE,valid_Arousal_CCC,valid_Arousal_Pearson,valid_Arousal_R2,valid_Arousal_RMSE,valid_CCC_mean
1,0.5986776949916678,0.5012888350549592,0.5259629401459581,-0.39021221180732524,0.28537038640854256,0.7128454486874399,0.7448620760133376,0.3265855163420648,0.23421164279276127,0.6070671418711996,0.37182414779590744,0.397427629671173,-0.9211634189136293,0.31269476498926396,0.6388430310082949,0.6679213875047454,0.13406175765740036,0.2649323778525484,0.5053335894021012
2,0.47581336746774977,0.5378001613599186,0.593165662632215,-0.07373732440503789,0.25079413659012284,0.7181598880399487,0.7679244139284724,0.4161756214114867,0.21807624810624968,0.6279800246999336,0.40314082424888215,0.45217528173360644,-0.4689712488084885,0.27342933364814637,0.61726118915955,0.6693779235069178,0.19597690770693932,0.25528531821077727,0.5102010067042161
3,0.4144906114289349,0.6237545212750538,0.65801482975487,0.061422063813976524,0.2344787683021942,0.759546251244647,0.7909064135006568,0.44023772214847756,0.21353499931919884,0.6916503862598504,0.4391306735192492,0.4703480870885336,-0.47529504679488155,0.2740172467694449,0.6701054730777546,0.7020090233184629,0.22172292653047154,0.2511647548226212,0.5546180732985019
