{
  "dataset_name": "PMEmo",
  "prediction_mode": "Russell4Q",
  "head": "BiGRU",
  "seed": 42,
  "n_trials": 10,
  "best_value": 0.6497387969289455,
  "best_params": {
    "lr": 6.432759992849896e-05,
    "hidden_dim": 64,
    "dropout": 0.12930163420191518,
    "batch_size": 4
  }
}