{
  "dataset_name": "DEAM",
  "prediction_mode": "VA",
  "head": "CNNLSTM",
  "seed": 42,
  "n_trials": 10,
  "best_value": 0.6637013616087841,
  "best_params": {
    "lr": 6.097839109531521e-05,
    "hidden_dim": 64,
    "dropout": 0.2542703315240835,
    "batch_size": 4
  }
}