epoch,train_loss,train_Valence_CCC,train_Valence_Pearson,train_Valence_R2,train_Valence_RMSE,train_Arousal_CCC,train_Arousal_Pearson,train_Arousal_R2,train_Arousal_RMSE,train_CCC_mean,valid_Valence_CCC,valid_Valence_Pearson,valid_Valence_R2,valid_Valence_RMSE,valid_Arousal_CCC,valid_Arousal_Pearson,valid_Arousal_R2,valid_Arousal_RMSE,valid_CCC_mean
1,0.6356356375229856,0.39970387287253706,0.453797639359942,-1.192977584601289,0.36006171210264554,0.7074355278197703,0.7310382651658318,0.25472551966450396,0.2437407003010551,0.5535697003461537,0.3547666705740314,0.41291389433151826,-1.5857509220391783,0.3627703636263904,0.6413634127336336,0.6627178027924402,0.11837554329113664,0.26732119394634474,0.4980650416538325
2,0.5162198691007992,0.4379251254864011,0.5187149274264223,-0.7597098103492268,0.32253761746337134,0.7576762729990701,0.7754118679088593,0.39754483841537336,0.21914536730903508,0.5978006992427356,0.32374150597376894,0.4074303435719776,-1.404232473613812,0.3498055418888904,0.6877637933104653,0.70204813064261,0.23155204149592512,0.24957369455795678,0.5057526496421172
3,0.4685852504335344,0.5522258889269079,0.5731178283866686,-0.10241354264601199,0.25528900802573834,0.7869397011864275,0.7919634721675712,0.5732596192063272,0.18443859260854575,0.6695827950566677,0.43271108102884714,0.4553345505339692,-0.508368666716914,0.27707172422572357,0.7161936448823043,0.718906085351506,0.44302846407813146,0.21247511750575668,0.5744523629555758
4,0.41815574405093986,0.6139144593824581,0.6216438466791832,0.13921439618571352,0.22558350668615054,0.8081220661335801,0.813950822101413,0.609496952015834,0.17643394439064275,0.711018262758019,0.4373073459227269,0.44544512627753774,-0.3027899127223994,0.257499061097967,0.701140249922804,0.7027516694804276,0.41470507437018445,0.21781057273243948,0.5692237979227655
5,0.3800786499244471,0.6825497968385974,0.689415677462505,0.3521709772881967,0.19569964875794907,0.8173564396510062,0.8239082713307105,0.6268819302709139,0.17246186188022034,0.7499531182448018,0.40525312106396383,0.41584417297852727,-0.20778911511916776,0.24793281529939412,0.7052870636028047,0.7069554842292353,0.4254922832154203,0.21579407231588768,0.5552700923333842
