epoch,train_loss,train_Valence_CCC,train_Valence_Pearson,train_Valence_R2,train_Valence_RMSE,train_Arousal_CCC,train_Arousal_Pearson,train_Arousal_R2,train_Arousal_RMSE,train_CCC_mean,valid_Valence_CCC,valid_Valence_Pearson,valid_Valence_R2,valid_Valence_RMSE,valid_Arousal_CCC,valid_Arousal_Pearson,valid_Arousal_R2,valid_Arousal_RMSE,valid_CCC_mean
1,0.7471704869531095,0.1818290705648909,0.2770417857233243,-5.55373038661185,0.602925916664098,0.6617285199700237,0.7059252409774227,0.2023612584319896,0.2519475871113077,0.4217787952674573,0.2070432738952338,0.2916636835573169,-4.34179469714258,0.5904262245245379,0.6753344771183033,0.7193905783222987,0.22781859799839765,0.25126965893542147,0.44118887550676855
2,0.5621511195786297,0.4387442103258257,0.48993349810479314,-0.6978559467888654,0.3068810609153357,0.7436748646597724,0.7527537450481713,0.39551136430434763,0.21933157333928313,0.591209537492799,0.4001134685230237,0.4415057604277686,-0.709904459265658,0.3340472994481412,0.7462656537733374,0.757202581155544,0.38913192855000756,0.22348794115531473,0.5731895611481805
3,0.4879048620350659,0.5046207602058448,0.5269756669590066,-0.36883605492066884,0.27554680824087574,0.7248994767066333,0.749155464252062,0.3319618939453389,0.2305726026046267,0.614760118456239,0.39204346240991994,0.4037468791268144,-0.4894931128809865,0.311775003229582,0.6755983416059298,0.7085032949587513,0.2071159663739247,0.2546157225068752,0.5338209020079249
4,0.41368921628842753,0.5307056504868728,0.5709459514909767,-0.24126957432218687,0.26239328818799573,0.7940162165781288,0.7999863281599071,0.583898363320116,0.18197293329058664,0.6623609335325008,0.41316548317815693,0.4548930969681316,-0.49154765878565065,0.3119899539781041,0.754935850183227,0.7656544735299023,0.4954285890287242,0.2031148616925568,0.5840506666806919
5,0.4205309171229601,0.6735830752311797,0.6748380592305357,0.30619089051154647,0.19617319515616796,0.8106730402624208,0.813197998706888,0.5895387758641368,0.1807353696545857,0.7421280577468002,0.4798360717256174,0.48380918464507816,-0.03674029117280031,0.2601099892628102,0.7598878942303131,0.7661044428028737,0.46733112180304515,0.20869355793186287,0.6198619829779652
