epoch,train_loss,train_Valence_CCC,train_Valence_Pearson,train_Valence_R2,train_Valence_RMSE,train_Arousal_CCC,train_Arousal_Pearson,train_Arousal_R2,train_Arousal_RMSE,train_CCC_mean,valid_Valence_CCC,valid_Valence_Pearson,valid_Valence_R2,valid_Valence_RMSE,valid_Arousal_CCC,valid_Arousal_Pearson,valid_Arousal_R2,valid_Arousal_RMSE,valid_CCC_mean
1,0.6273115153114001,0.33289410555075183,0.4647356305111856,-1.5362925002516854,0.3801766183738973,0.670457361595247,0.7303071207562678,0.08580847497318533,0.2701529085493908,0.5016757335729994,0.2805266189971868,0.40045217569967495,-1.7253836059976653,0.4000528764231127,0.6268908585262023,0.6902674296678186,-0.014390859963173241,0.2860280319587235,0.45370873876169454
2,0.5043632361727456,0.5530067327398559,0.5633760642152795,-0.0938835730083738,0.2496728305333768,0.7519297599948535,0.7595463349351224,0.4317488941132842,0.21299097274725437,0.6524682463673547,0.3941587573886226,0.3969195399625042,-0.3670376601587788,0.2833308191906809,0.704401971151287,0.7091957542462788,0.3660803935879383,0.22611169537312256,0.5492803642699549
3,0.4568538651801646,0.5123009045076904,0.5773733126670164,-0.3274836663053504,0.27504282982125927,0.7674267566295179,0.7853353523677086,0.4355108909144271,0.21228476916621605,0.6398638305686042,0.3676760822239988,0.41322426069398405,-0.6122922976374832,0.30769856256380285,0.7138659834494238,0.7250638156917131,0.331078279357651,0.2322702478284035,0.5407710328367112
4,0.3979677193177243,0.513459634687583,0.6593368456616306,-0.3280883360133309,0.2751054637871362,0.7970518874727441,0.8039246192103496,0.5333577398125545,0.1930114554677635,0.6552557610801636,0.363400076146499,0.46889428504755026,-0.5412288223777728,0.30084107982856234,0.735653546151255,0.7389066552349958,0.4216406330899597,0.21597566557152434,0.549526811148877
5,0.37625156917298835,0.6905068720938515,0.6954375718123029,0.34180707583796643,0.19366999403845064,0.7932427266346223,0.817040329487927,0.5234127527421505,0.19505732353185518,0.741874799364237,0.45792645560011014,0.4636306787249719,-0.035021827243818304,0.24653485712821505,0.7203142509523723,0.7338775345586976,0.3688725182991268,0.2256131867587147,0.5891203532762412
