{
  "dataset_name": "DEAM",
  "prediction_mode": "VA",
  "head": "BiGRU",
  "seed": 42,
  "n_trials": 10,
  "best_value": 0.5722552003901846,
  "best_params": {
    "lr": 6.432759992849896e-05,
    "hidden_dim": 64,
    "dropout": 0.12930163420191518,
    "batch_size": 4
  }
}