{
  "dataset_name": "PMEmo",
  "prediction_mode": "VA",
  "head": "BiGRU",
  "seed": 42,
  "n_trials": 10,
  "best_value": 0.6602052494577035,
  "best_params": {
    "lr": 6.097839109531521e-05,
    "hidden_dim": 64,
    "dropout": 0.2542703315240835,
    "batch_size": 4
  }
}