{
  "dataset_name": "PMEmo",
  "prediction_mode": "VA",
  "head": "CNNLSTM",
  "seed": 42,
  "n_trials": 10,
  "best_value": 0.7080749745470538,
  "best_params": {
    "lr": 4.5975057847321686e-05,
    "hidden_dim": 64,
    "dropout": 0.2560204063533433,
    "batch_size": 4
  }
}